Street Name,Latitud,Longitud,Timestamp,Current Travel Time (seconds),Free Flow Travel Time (seconds),Distance (meters),Current Speed (km/h),Free Flow Speed (km/h)
Av. Insurgentes,19.4037031532808,-99.1692699611328,2024-09-30T10:55:30.569960,593,442,2252,13.671500843170323,18.342081447963803
Av. Nuevo León,19.4035424706988,-99.1711530598268,2024-09-30T10:55:31.735035,196,192,1103,20.259183673469387,20.68125
Av. Chapultepec,19.4203408773342,-99.1767217657321,2024-09-30T10:55:32.875844,785,623,3164,14.510063694267517,18.283146067415732
Cto. Bicentenario,19.4080683386285,-99.1841719353224,2024-09-30T10:55:34.045681,684,632,5652,29.74736842105263,32.19493670886076
Amsterdam,19.4096629733812,-99.171524335536,2024-09-30T10:55:35.262647,248,247,987,14.32741935483871,14.385425101214576
Amsterdam,19.4094830928443,-99.1711683254619,2024-09-30T10:55:36.485830,216,260,897,14.950000000000001,12.420000000000002
Juan Escutia,19.4168100657109,-99.1787589688272,2024-09-30T10:55:37.658725,101,111,768,27.374257425742574,24.90810810810811
Durango,19.4181411170688,-99.1747665701085,2024-09-30T10:55:38.878682,352,282,1220,12.477272727272727,15.574468085106382
Av. Alvaro Obregon,19.4165333917315,-99.1686609116258,2024-09-30T10:55:40.035635,432,272,1110,9.250000000000002,14.691176470588237
Salamanca,19.4218287295025,-99.170230063732,2024-09-30T10:55:41.234929,58,75,535,33.20689655172414,25.680000000000003
Puebla,19.4222855873235,-99.1644452406813,2024-09-30T10:55:42.429707,318,282,954,10.8,12.178723404255319
Colima,19.4180548118505,-99.1682470033675,2024-09-30T10:55:43.629311,82,95,298,13.082926829268292,11.292631578947368
Laredo,19.4131443328286,-99.1715287130923,2024-09-30T10:55:44.967052,51,55,156,11.011764705882353,10.210909090909091
Av. Insurgentes,19.4037031532808,-99.1692699611328,2024-09-30T11:25:46.262694,593,442,2252,13.671500843170323,18.342081447963803
Av. Nuevo León,19.4035424706988,-99.1711530598268,2024-09-30T11:25:47.435704,194,192,1103,20.4680412371134,20.68125
Av. Chapultepec,19.4203408773342,-99.1767217657321,2024-09-30T11:25:48.615297,829,623,3164,13.739927623642943,18.283146067415732
Cto. Bicentenario,19.4080683386285,-99.1841719353224,2024-09-30T11:25:49.798276,669,632,5652,30.414349775784757,32.19493670886076
Amsterdam,19.4096629733812,-99.171524335536,2024-09-30T11:25:50.994992,245,247,987,14.502857142857144,14.385425101214576
Amsterdam,19.4094830928443,-99.1711683254619,2024-09-30T11:25:52.365241,254,254,1022,14.485039370078741,14.485039370078741
Juan Escutia,19.4168100657109,-99.1787589688272,2024-09-30T11:25:53.657263,98,111,768,28.212244897959184,24.90810810810811
Durango,19.4181411170688,-99.1747665701085,2024-09-30T11:25:54.888444,233,282,1220,18.84978540772532,15.574468085106382
Av. Alvaro Obregon,19.4165333917315,-99.1686609116258,2024-09-30T11:25:56.037440,332,272,1110,12.036144578313255,14.691176470588237
Salamanca,19.4218287295025,-99.170230063732,2024-09-30T11:25:57.248861,65,75,535,29.630769230769236,25.680000000000003
Puebla,19.4222855873235,-99.1644452406813,2024-09-30T11:25:58.459235,347,282,954,9.897406340057637,12.178723404255319
Colima,19.4180548118505,-99.1682470033675,2024-09-30T11:25:59.683186,93,95,298,11.535483870967742,11.292631578947368
Laredo,19.4131443328286,-99.1715287130923,2024-09-30T11:26:00.881373,59,55,156,9.51864406779661,10.210909090909091
Av. Insurgentes,19.4037031532808,-99.1692699611328,2024-09-30T11:56:02.138327,566,442,2252,14.323674911660778,18.342081447963803
Av. Nuevo León,19.4035424706988,-99.1711530598268,2024-09-30T11:56:03.310911,181,192,1103,21.938121546961327,20.68125
Av. Chapultepec,19.4203408773342,-99.1767217657321,2024-09-30T11:56:04.477156,924,772,3284,12.794805194805196,15.313989637305701
Cto. Bicentenario,19.4080683386285,-99.1841719353224,2024-09-30T11:56:05.824772,697,632,5652,29.19253945480631,32.19493670886076
Amsterdam,19.4096629733812,-99.171524335536,2024-09-30T11:56:07.043900,230,247,987,15.448695652173914,14.385425101214576
Amsterdam,19.4094830928443,-99.1711683254619,2024-09-30T11:56:08.252822,240,254,1022,15.33,14.485039370078741
Juan Escutia,19.4168100657109,-99.1787589688272,2024-09-30T11:56:09.431816,100,111,768,27.648000000000003,24.90810810810811
Durango,19.4181411170688,-99.1747665701085,2024-09-30T11:56:10.639434,256,282,1220,17.15625,15.574468085106382
Av. Alvaro Obregon,19.4165333917315,-99.1686609116258,2024-09-30T11:56:11.817441,373,272,1110,10.713136729222521,14.691176470588237
Salamanca,19.4218287295025,-99.170230063732,2024-09-30T11:56:13.028076,62,75,535,31.06451612903226,25.680000000000003
Puebla,19.4222855873235,-99.1644452406813,2024-09-30T11:56:14.225847,272,282,954,12.626470588235295,12.178723404255319
Colima,19.4180548118505,-99.1682470033675,2024-09-30T11:56:15.438557,87,95,298,12.33103448275862,11.292631578947368
Laredo,19.4131443328286,-99.1715287130923,2024-09-30T11:56:16.645040,70,55,156,8.022857142857143,10.210909090909091
Av. Insurgentes,19.4037031532808,-99.1692699611328,2024-09-30T12:26:17.900912,610,442,2252,13.29049180327869,18.342081447963803
Av. Nuevo León,19.4035424706988,-99.1711530598268,2024-09-30T12:26:19.075757,176,192,1103,22.561363636363634,20.68125
Av. Chapultepec,19.4203408773342,-99.1767217657321,2024-09-30T12:26:20.403991,805,757,3327,14.878509316770186,15.821928665785997
Cto. Bicentenario,19.4080683386285,-99.1841719353224,2024-09-30T12:26:21.581092,641,632,5652,31.742901716068644,32.19493670886076
Amsterdam,19.4096629733812,-99.171524335536,2024-09-30T12:26:22.770560,233,247,987,15.249785407725321,14.385425101214576
Amsterdam,19.4094830928443,-99.1711683254619,2024-09-30T12:26:23.978506,241,254,1022,15.266390041493777,14.485039370078741
Juan Escutia,19.4168100657109,-99.1787589688272,2024-09-30T12:26:25.123069,98,111,768,28.212244897959184,24.90810810810811
Durango,19.4181411170688,-99.1747665701085,2024-09-30T12:26:26.312187,237,282,1220,18.531645569620256,15.574468085106382
Av. Alvaro Obregon,19.4165333917315,-99.1686609116258,2024-09-30T12:26:27.460212,411,272,1110,9.722627737226277,14.691176470588237
Salamanca,19.4218287295025,-99.170230063732,2024-09-30T12:26:28.656989,68,75,535,28.323529411764707,25.680000000000003
Puebla,19.4222855873235,-99.1644452406813,2024-09-30T12:26:29.842327,312,282,954,11.007692307692308,12.178723404255319
Colima,19.4180548118505,-99.1682470033675,2024-09-30T12:26:31.025829,97,95,298,11.05979381443299,11.292631578947368
Laredo,19.4131443328286,-99.1715287130923,2024-09-30T12:26:32.380222,66,55,156,8.50909090909091,10.210909090909091
Av. Insurgentes,19.4037031532808,-99.1692699611328,2024-09-30T12:56:33.648772,527,442,2252,15.383681214421253,18.342081447963803
Av. Nuevo León,19.4035424706988,-99.1711530598268,2024-09-30T12:56:34.822045,197,192,1103,20.156345177664974,20.68125
Av. Chapultepec,19.4203408773342,-99.1767217657321,2024-09-30T12:56:35.995319,824,623,3164,13.823300970873786,18.283146067415732
Cto. Bicentenario,19.4080683386285,-99.1841719353224,2024-09-30T12:56:37.169087,642,632,5652,31.69345794392523,32.19493670886076
Amsterdam,19.4096629733812,-99.171524335536,2024-09-30T12:56:38.380893,238,247,987,14.929411764705883,14.385425101214576
Amsterdam,19.4094830928443,-99.1711683254619,2024-09-30T12:56:39.579307,244,254,1022,15.078688524590163,14.485039370078741
Juan Escutia,19.4168100657109,-99.1787589688272,2024-09-30T12:56:40.752648,102,111,768,27.10588235294118,24.90810810810811
Durango,19.4181411170688,-99.1747665701085,2024-09-30T12:56:41.955153,246,282,1220,17.853658536585368,15.574468085106382
Av. Alvaro Obregon,19.4165333917315,-99.1686609116258,2024-09-30T12:56:43.100365,365,272,1110,10.947945205479453,14.691176470588237
Salamanca,19.4218287295025,-99.170230063732,2024-09-30T12:56:44.311741,76,75,535,25.342105263157894,25.680000000000003
Puebla,19.4222855873235,-99.1644452406813,2024-09-30T12:56:45.511450,270,282,954,12.72,12.178723404255319
Colima,19.4180548118505,-99.1682470033675,2024-09-30T12:56:46.704547,86,95,298,12.474418604651161,11.292631578947368
Laredo,19.4131443328286,-99.1715287130923,2024-09-30T12:56:47.914079,78,55,156,7.2,10.210909090909091
Av. Insurgentes,19.4037031532808,-99.1692699611328,2024-09-30T13:26:49.166154,583,442,2252,13.906003430531733,18.342081447963803
Av. Nuevo León,19.4035424706988,-99.1711530598268,2024-09-30T13:26:50.338585,189,192,1103,21.00952380952381,20.68125
Av. Chapultepec,19.4203408773342,-99.1767217657321,2024-09-30T13:26:51.519926,797,623,3164,14.29159347553325,18.283146067415732
Cto. Bicentenario,19.4080683386285,-99.1841719353224,2024-09-30T13:26:52.688281,628,632,5652,32.4,32.19493670886076
Amsterdam,19.4096629733812,-99.171524335536,2024-09-30T13:26:53.909111,233,247,987,15.249785407725321,14.385425101214576
Amsterdam,19.4094830928443,-99.1711683254619,2024-09-30T13:26:55.121191,240,254,1022,15.33,14.485039370078741
Juan Escutia,19.4168100657109,-99.1787589688272,2024-09-30T13:26:56.274229,100,111,768,27.648000000000003,24.90810810810811
Durango,19.4181411170688,-99.1747665701085,2024-09-30T13:26:57.539468,258,282,1220,17.023255813953487,15.574468085106382
Av. Alvaro Obregon,19.4165333917315,-99.1686609116258,2024-09-30T13:26:58.704906,391,272,1110,10.21994884910486,14.691176470588237
Salamanca,19.4218287295025,-99.170230063732,2024-09-30T13:27:00.047094,66,75,535,29.181818181818183,25.680000000000003
Puebla,19.4222855873235,-99.1644452406813,2024-09-30T13:27:01.235863,291,282,954,11.802061855670106,12.178723404255319
Colima,19.4180548118505,-99.1682470033675,2024-09-30T13:27:02.421668,87,95,298,12.33103448275862,11.292631578947368
Laredo,19.4131443328286,-99.1715287130923,2024-09-30T13:27:03.621143,52,55,156,10.8,10.210909090909091
Av. Insurgentes,19.4037031532808,-99.1692699611328,2024-09-30T13:57:04.887201,509,442,2252,15.92770137524558,18.342081447963803
Av. Nuevo León,19.4035424706988,-99.1711530598268,2024-09-30T13:57:06.207085,192,192,1103,20.68125,20.68125
Av. Chapultepec,19.4203408773342,-99.1767217657321,2024-09-30T13:57:07.384604,819,623,3164,13.907692307692308,18.283146067415732
Cto. Bicentenario,19.4080683386285,-99.1841719353224,2024-09-30T13:57:08.562523,668,632,5652,30.45988023952096,32.19493670886076
Amsterdam,19.4096629733812,-99.171524335536,2024-09-30T13:57:09.778143,255,247,987,13.934117647058823,14.385425101214576
Amsterdam,19.4094830928443,-99.1711683254619,2024-09-30T13:57:10.992580,261,254,1022,14.096551724137932,14.485039370078741
Juan Escutia,19.4168100657109,-99.1787589688272,2024-09-30T13:57:12.295975,97,111,768,28.503092783505156,24.90810810810811
Durango,19.4181411170688,-99.1747665701085,2024-09-30T13:57:13.636494,244,282,1220,17.999999999999996,15.574468085106382
Av. Alvaro Obregon,19.4165333917315,-99.1686609116258,2024-09-30T13:57:14.946184,473,272,1110,8.448202959830867,14.691176470588237
Salamanca,19.4218287295025,-99.170230063732,2024-09-30T13:57:16.141828,83,75,535,23.204819277108435,25.680000000000003
Puebla,19.4222855873235,-99.1644452406813,2024-09-30T13:57:17.338004,289,282,954,11.883737024221453,12.178723404255319
Colima,19.4180548118505,-99.1682470033675,2024-09-30T13:57:18.525604,88,95,298,12.19090909090909,11.292631578947368
Laredo,19.4131443328286,-99.1715287130923,2024-09-30T13:57:19.869120,55,55,156,10.210909090909091,10.210909090909091
Av. Insurgentes,19.4037031532808,-99.1692699611328,2024-09-30T14:27:21.079337,571,442,2252,14.198248686514887,18.342081447963803
Av. Nuevo León,19.4035424706988,-99.1711530598268,2024-09-30T14:27:22.249287,192,192,1103,20.68125,20.68125
Av. Chapultepec,19.4203408773342,-99.1767217657321,2024-09-30T14:27:23.434970,854,623,3164,13.337704918032788,18.283146067415732
Cto. Bicentenario,19.4080683386285,-99.1841719353224,2024-09-30T14:27:24.631969,699,632,5652,29.109012875536482,32.19493670886076
Amsterdam,19.4096629733812,-99.171524335536,2024-09-30T14:27:25.866841,224,247,987,15.8625,14.385425101214576
Amsterdam,19.4094830928443,-99.1711683254619,2024-09-30T14:27:27.062489,234,254,1022,15.723076923076922,14.485039370078741
Juan Escutia,19.4168100657109,-99.1787589688272,2024-09-30T14:27:28.217602,100,111,768,27.648000000000003,24.90810810810811
Durango,19.4181411170688,-99.1747665701085,2024-09-30T14:27:29.434021,244,282,1220,17.999999999999996,15.574468085106382
Av. Alvaro Obregon,19.4165333917315,-99.1686609116258,2024-09-30T14:27:30.648111,435,272,1110,9.186206896551726,14.691176470588237
Salamanca,19.4218287295025,-99.170230063732,2024-09-30T14:27:31.841482,70,75,535,27.514285714285716,25.680000000000003
Puebla,19.4222855873235,-99.1644452406813,2024-09-30T14:27:33.045127,347,282,954,9.897406340057637,12.178723404255319
Colima,19.4180548118505,-99.1682470033675,2024-09-30T14:27:34.259788,88,95,298,12.19090909090909,11.292631578947368
Laredo,19.4131443328286,-99.1715287130923,2024-09-30T14:27:35.471689,52,55,156,10.8,10.210909090909091
Av. Insurgentes,19.4037031532808,-99.1692699611328,2024-09-30T14:57:36.670397,515,442,2252,15.7421359223301,18.342081447963803
Av. Nuevo León,19.4035424706988,-99.1711530598268,2024-09-30T14:57:37.841768,191,192,1103,20.789528795811517,20.68125
Av. Chapultepec,19.4203408773342,-99.1767217657321,2024-09-30T14:57:39.013418,703,623,3164,16.202560455192035,18.283146067415732
Cto. Bicentenario,19.4080683386285,-99.1841719353224,2024-09-30T14:57:40.187854,701,632,5652,29.02596291012839,32.19493670886076
Amsterdam,19.4096629733812,-99.171524335536,2024-09-30T14:57:41.397745,249,247,987,14.269879518072289,14.385425101214576
Amsterdam,19.4094830928443,-99.1711683254619,2024-09-30T14:57:42.614851,261,254,1022,14.096551724137932,14.485039370078741
Juan Escutia,19.4168100657109,-99.1787589688272,2024-09-30T14:57:43.784084,106,111,768,26.08301886792453,24.90810810810811
Durango,19.4181411170688,-99.1747665701085,2024-09-30T14:57:44.985803,265,282,1220,16.573584905660375,15.574468085106382
Av. Alvaro Obregon,19.4165333917315,-99.1686609116258,2024-09-30T14:57:46.172402,368,272,1110,10.858695652173914,14.691176470588237
Salamanca,19.4218287295025,-99.170230063732,2024-09-30T14:57:47.375281,66,75,535,29.181818181818183,25.680000000000003
Puebla,19.4222855873235,-99.1644452406813,2024-09-30T14:57:48.568574,355,282,954,9.6743661971831,12.178723404255319
Colima,19.4180548118505,-99.1682470033675,2024-09-30T14:57:49.770152,90,95,298,11.919999999999998,11.292631578947368
Laredo,19.4131443328286,-99.1715287130923,2024-09-30T14:57:50.988254,67,55,156,8.382089552238806,10.210909090909091
Av. Insurgentes,19.4037031532808,-99.1692699611328,2024-09-30T15:27:52.185198,535,442,2252,15.153644859813086,18.342081447963803
Av. Nuevo León,19.4035424706988,-99.1711530598268,2024-09-30T15:27:53.357794,178,192,1103,22.307865168539326,20.68125
Av. Chapultepec,19.4203408773342,-99.1767217657321,2024-09-30T15:27:54.539834,782,623,3164,14.565728900255754,18.283146067415732
Cto. Bicentenario,19.4080683386285,-99.1841719353224,2024-09-30T15:27:55.715111,719,658,4653,23.297357440890128,25.45714285714286
Amsterdam,19.4096629733812,-99.171524335536,2024-09-30T15:27:56.933424,239,247,987,14.86694560669456,14.385425101214576
Amsterdam,19.4094830928443,-99.1711683254619,2024-09-30T15:27:58.148197,245,254,1022,15.01714285714286,14.485039370078741
Juan Escutia,19.4168100657109,-99.1787589688272,2024-09-30T15:27:59.294680,114,111,768,24.252631578947366,24.90810810810811
Durango,19.4181411170688,-99.1747665701085,2024-09-30T15:28:00.491024,258,282,1220,17.023255813953487,15.574468085106382
Av. Alvaro Obregon,19.4165333917315,-99.1686609116258,2024-09-30T15:28:01.669386,378,272,1110,10.571428571428573,14.691176470588237
Salamanca,19.4218287295025,-99.170230063732,2024-09-30T15:28:02.860075,58,75,535,33.20689655172414,25.680000000000003
Puebla,19.4222855873235,-99.1644452406813,2024-09-30T15:28:04.050761,311,282,954,11.043086816720258,12.178723404255319
Colima,19.4180548118505,-99.1682470033675,2024-09-30T15:28:05.270673,99,95,298,10.836363636363636,11.292631578947368
Laredo,19.4131443328286,-99.1715287130923,2024-09-30T15:28:06.478921,55,55,156,10.210909090909091,10.210909090909091
Av. Insurgentes,19.4037031532808,-99.1692699611328,2024-09-30T15:58:07.790816,456,442,2252,17.778947368421054,18.342081447963803
Av. Nuevo León,19.4035424706988,-99.1711530598268,2024-09-30T15:58:08.981187,185,192,1103,21.463783783783786,20.68125
Av. Chapultepec,19.4203408773342,-99.1767217657321,2024-09-30T15:58:10.152047,870,757,3327,13.766896551724138,15.821928665785997
Cto. Bicentenario,19.4080683386285,-99.1841719353224,2024-09-30T15:58:11.325872,699,658,4653,23.96394849785408,25.45714285714286
Amsterdam,19.4096629733812,-99.171524335536,2024-09-30T15:58:12.537474,222,247,987,16.005405405405405,14.385425101214576
Amsterdam,19.4094830928443,-99.1711683254619,2024-09-30T15:58:13.747706,229,254,1022,16.066375545851532,14.485039370078741
Juan Escutia,19.4168100657109,-99.1787589688272,2024-09-30T15:58:14.879102,111,111,768,24.90810810810811,24.90810810810811
Durango,19.4181411170688,-99.1747665701085,2024-09-30T15:58:16.089528,293,282,1220,14.989761092150172,15.574468085106382
Av. Alvaro Obregon,19.4165333917315,-99.1686609116258,2024-09-30T15:58:17.257822,470,272,1110,8.502127659574468,14.691176470588237
Salamanca,19.4218287295025,-99.170230063732,2024-09-30T15:58:18.448063,62,75,535,31.06451612903226,25.680000000000003
Puebla,19.4222855873235,-99.1644452406813,2024-09-30T15:58:19.644620,284,282,954,12.092957746478875,12.178723404255319
Colima,19.4180548118505,-99.1682470033675,2024-09-30T15:58:20.853044,158,95,298,6.789873417721519,11.292631578947368
Laredo,19.4131443328286,-99.1715287130923,2024-09-30T15:58:22.046879,54,55,156,10.4,10.210909090909091
Av. Insurgentes,19.4037031532808,-99.1692699611328,2024-09-30T16:28:23.323877,463,442,2252,17.510151187904967,18.342081447963803
Av. Nuevo León,19.4035424706988,-99.1711530598268,2024-09-30T16:28:24.646332,190,192,1103,20.89894736842105,20.68125
Av. Chapultepec,19.4203408773342,-99.1767217657321,2024-09-30T16:28:25.821645,834,757,3327,14.361151079136691,15.821928665785997
Cto. Bicentenario,19.4080683386285,-99.1841719353224,2024-09-30T16:28:26.996330,808,658,4653,20.731188118811883,25.45714285714286
Amsterdam,19.4096629733812,-99.171524335536,2024-09-30T16:28:28.211019,228,247,987,15.584210526315788,14.385425101214576
Amsterdam,19.4094830928443,-99.1711683254619,2024-09-30T16:28:29.410416,229,254,1022,16.066375545851532,14.485039370078741
Juan Escutia,19.4168100657109,-99.1787589688272,2024-09-30T16:28:30.571349,104,111,768,26.584615384615386,24.90810810810811
Durango,19.4181411170688,-99.1747665701085,2024-09-30T16:28:31.826929,269,282,1220,16.327137546468403,15.574468085106382
Av. Alvaro Obregon,19.4165333917315,-99.1686609116258,2024-09-30T16:28:33.136712,475,272,1110,8.41263157894737,14.691176470588237
Salamanca,19.4218287295025,-99.170230063732,2024-09-30T16:28:34.336188,59,75,535,32.644067796610166,25.680000000000003
Puebla,19.4222855873235,-99.1644452406813,2024-09-30T16:28:35.538829,282,282,954,12.178723404255319,12.178723404255319
Colima,19.4180548118505,-99.1682470033675,2024-09-30T16:28:36.747924,112,95,298,9.57857142857143,11.292631578947368
Laredo,19.4131443328286,-99.1715287130923,2024-09-30T16:28:37.931564,58,55,156,9.682758620689656,10.210909090909091
Av. Insurgentes,19.4037031532808,-99.1692699611328,2024-09-30T16:58:39.175644,506,442,2252,16.02213438735178,18.342081447963803
Av. Nuevo León,19.4035424706988,-99.1711530598268,2024-09-30T16:58:40.434131,181,192,1103,21.938121546961327,20.68125
Av. Chapultepec,19.4203408773342,-99.1767217657321,2024-09-30T16:58:41.620606,853,623,3164,13.353341148886283,18.283146067415732
Cto. Bicentenario,19.4080683386285,-99.1841719353224,2024-09-30T16:58:42.802641,738,658,4653,22.69756097560976,25.45714285714286
Amsterdam,19.4096629733812,-99.171524335536,2024-09-30T16:58:44.017404,242,247,987,14.682644628099172,14.385425101214576
Amsterdam,19.4094830928443,-99.1711683254619,2024-09-30T16:58:45.233557,245,254,1022,15.01714285714286,14.485039370078741
Juan Escutia,19.4168100657109,-99.1787589688272,2024-09-30T16:58:46.376310,109,111,768,25.3651376146789,24.90810810810811
Durango,19.4181411170688,-99.1747665701085,2024-09-30T16:58:47.585082,276,282,1220,15.913043478260871,15.574468085106382
Av. Alvaro Obregon,19.4165333917315,-99.1686609116258,2024-09-30T16:58:48.735574,506,272,1110,7.897233201581029,14.691176470588237
Salamanca,19.4218287295025,-99.170230063732,2024-09-30T16:58:49.921718,94,75,535,20.48936170212766,25.680000000000003
Puebla,19.4222855873235,-99.1644452406813,2024-09-30T16:58:51.131111,317,282,954,10.834069400630916,12.178723404255319
Colima,19.4180548118505,-99.1682470033675,2024-09-30T16:58:52.340924,110,95,298,9.752727272727272,11.292631578947368
Laredo,19.4131443328286,-99.1715287130923,2024-09-30T16:58:53.529963,59,55,156,9.51864406779661,10.210909090909091
Av. Insurgentes,19.4037031532808,-99.1692699611328,2024-09-30T17:28:54.805682,493,442,2252,16.444624746450305,18.342081447963803
Av. Nuevo León,19.4035424706988,-99.1711530598268,2024-09-30T17:28:55.968756,183,192,1103,21.698360655737705,20.68125
Av. Chapultepec,19.4203408773342,-99.1767217657321,2024-09-30T17:28:57.147507,893,623,3164,12.755207166853303,18.283146067415732
Cto. Bicentenario,19.4080683386285,-99.1841719353224,2024-09-30T17:28:58.421656,695,658,4653,24.101870503597123,25.45714285714286
Amsterdam,19.4096629733812,-99.171524335536,2024-09-30T17:28:59.660068,217,247,987,16.374193548387098,14.385425101214576
Amsterdam,19.4094830928443,-99.1711683254619,2024-09-30T17:29:00.907438,223,254,1022,16.498654708520178,14.485039370078741
Juan Escutia,19.4168100657109,-99.1787589688272,2024-09-30T17:29:02.046466,107,111,768,25.8392523364486,24.90810810810811
Durango,19.4181411170688,-99.1747665701085,2024-09-30T17:29:03.270980,285,282,1220,15.410526315789474,15.574468085106382
Av. Alvaro Obregon,19.4165333917315,-99.1686609116258,2024-09-30T17:29:04.433733,438,272,1110,9.123287671232877,14.691176470588237
Salamanca,19.4218287295025,-99.170230063732,2024-09-30T17:29:05.643749,63,75,535,30.57142857142857,25.680000000000003
Puebla,19.4222855873235,-99.1644452406813,2024-09-30T17:29:06.825751,287,282,954,11.966550522648085,12.178723404255319
Colima,19.4180548118505,-99.1682470033675,2024-09-30T17:29:08.006591,94,95,298,11.412765957446807,11.292631578947368
Laredo,19.4131443328286,-99.1715287130923,2024-09-30T17:29:09.209823,49,55,156,11.461224489795919,10.210909090909091
Av. Insurgentes,19.4037031532808,-99.1692699611328,2024-09-30T17:59:10.488451,529,442,2252,15.32551984877127,18.342081447963803
Av. Nuevo León,19.4035424706988,-99.1711530598268,2024-09-30T17:59:11.652191,164,192,1103,24.21219512195122,20.68125
Av. Chapultepec,19.4203408773342,-99.1767217657321,2024-09-30T17:59:12.833781,764,623,3164,14.90890052356021,18.283146067415732
Cto. Bicentenario,19.4080683386285,-99.1841719353224,2024-09-30T17:59:14.008349,687,658,4653,24.382532751091706,25.45714285714286
Amsterdam,19.4096629733812,-99.171524335536,2024-09-30T17:59:15.224764,237,247,987,14.992405063291141,14.385425101214576
Amsterdam,19.4094830928443,-99.1711683254619,2024-09-30T17:59:16.427284,238,254,1022,15.458823529411767,14.485039370078741
Juan Escutia,19.4168100657109,-99.1787589688272,2024-09-30T17:59:17.599730,105,111,768,26.33142857142857,24.90810810810811
Durango,19.4181411170688,-99.1747665701085,2024-09-30T17:59:18.813361,256,282,1220,17.15625,15.574468085106382
Av. Alvaro Obregon,19.4165333917315,-99.1686609116258,2024-09-30T17:59:19.960006,367,272,1110,10.888283378746594,14.691176470588237
Salamanca,19.4218287295025,-99.170230063732,2024-09-30T17:59:21.191883,65,75,535,29.630769230769236,25.680000000000003
Puebla,19.4222855873235,-99.1644452406813,2024-09-30T17:59:22.375610,281,282,954,12.222064056939502,12.178723404255319
Colima,19.4180548118505,-99.1682470033675,2024-09-30T17:59:23.571112,112,95,298,9.57857142857143,11.292631578947368
Laredo,19.4131443328286,-99.1715287130923,2024-09-30T17:59:24.768860,49,55,156,11.461224489795919,10.210909090909091
Av. Insurgentes,19.4037031532808,-99.1692699611328,2024-09-30T18:29:26.195520,595,442,2252,13.625546218487397,18.342081447963803
Av. Nuevo León,19.4035424706988,-99.1711530598268,2024-09-30T18:29:27.364776,220,192,1103,18.04909090909091,20.68125
Av. Chapultepec,19.4203408773342,-99.1767217657321,2024-09-30T18:29:28.544405,907,623,3164,12.55832414553473,18.283146067415732
Cto. Bicentenario,19.4080683386285,-99.1841719353224,2024-09-30T18:29:29.722482,911,632,5652,22.335016465422616,32.19493670886076
Amsterdam,19.4096629733812,-99.171524335536,2024-09-30T18:29:30.910613,237,247,987,14.992405063291141,14.385425101214576
Amsterdam,19.4094830928443,-99.1711683254619,2024-09-30T18:29:32.098359,232,254,1022,15.858620689655172,14.485039370078741
Juan Escutia,19.4168100657109,-99.1787589688272,2024-09-30T18:29:33.265434,103,111,768,26.842718446601943,24.90810810810811
Durango,19.4181411170688,-99.1747665701085,2024-09-30T18:29:34.468341,281,282,1220,15.629893238434162,15.574468085106382
Av. Alvaro Obregon,19.4165333917315,-99.1686609116258,2024-09-30T18:29:35.623079,398,272,1110,10.040201005025127,14.691176470588237
Salamanca,19.4218287295025,-99.170230063732,2024-09-30T18:29:36.830402,62,75,535,31.06451612903226,25.680000000000003
Puebla,19.4222855873235,-99.1644452406813,2024-09-30T18:29:38.018062,387,282,954,8.874418604651163,12.178723404255319
Colima,19.4180548118505,-99.1682470033675,2024-09-30T18:29:39.209179,156,95,298,6.8769230769230765,11.292631578947368
Laredo,19.4131443328286,-99.1715287130923,2024-09-30T18:29:40.415770,51,55,156,11.011764705882353,10.210909090909091
Av. Insurgentes,19.4037031532808,-99.1692699611328,2024-09-30T18:59:41.673180,535,442,2252,15.153644859813086,18.342081447963803
Av. Nuevo León,19.4035424706988,-99.1711530598268,2024-09-30T18:59:42.845005,202,192,1103,19.657425742574258,20.68125
Av. Chapultepec,19.4203408773342,-99.1767217657321,2024-09-30T18:59:44.019489,867,623,3164,13.137716262975779,18.283146067415732
Cto. Bicentenario,19.4080683386285,-99.1841719353224,2024-09-30T18:59:45.180468,858,658,4653,19.523076923076925,25.45714285714286
Amsterdam,19.4096629733812,-99.171524335536,2024-09-30T18:59:46.391103,211,247,987,16.839810426540282,14.385425101214576
Amsterdam,19.4094830928443,-99.1711683254619,2024-09-30T18:59:47.595185,217,254,1022,16.95483870967742,14.485039370078741
Juan Escutia,19.4168100657109,-99.1787589688272,2024-09-30T18:59:48.752747,178,111,768,15.532584269662921,24.90810810810811
Durango,19.4181411170688,-99.1747665701085,2024-09-30T18:59:49.966717,265,282,1220,16.573584905660375,15.574468085106382
Av. Alvaro Obregon,19.4165333917315,-99.1686609116258,2024-09-30T18:59:51.139223,646,272,1110,6.18575851393189,14.691176470588237
Salamanca,19.4218287295025,-99.170230063732,2024-09-30T18:59:52.350133,62,75,535,31.06451612903226,25.680000000000003
Puebla,19.4222855873235,-99.1644452406813,2024-09-30T18:59:53.539975,303,282,954,11.334653465346536,12.178723404255319
Colima,19.4180548118505,-99.1682470033675,2024-09-30T18:59:54.733522,143,95,298,7.502097902097902,11.292631578947368
Laredo,19.4131443328286,-99.1715287130923,2024-09-30T18:59:55.939493,49,55,156,11.461224489795919,10.210909090909091
Av. Insurgentes,19.4037031532808,-99.1692699611328,2024-09-30T19:29:57.137834,602,442,2252,13.467109634551496,18.342081447963803
Av. Nuevo León,19.4035424706988,-99.1711530598268,2024-09-30T19:29:58.286135,195,192,1103,20.36307692307692,20.68125
Av. Chapultepec,19.4203408773342,-99.1767217657321,2024-09-30T19:29:59.472308,861,623,3164,13.229268292682928,18.283146067415732
Cto. Bicentenario,19.4080683386285,-99.1841719353224,2024-09-30T19:30:00.667363,1188,777,4465,13.53030303030303,20.687258687258687
Amsterdam,19.4096629733812,-99.171524335536,2024-09-30T19:30:01.888757,212,247,987,16.760377358490565,14.385425101214576
Amsterdam,19.4094830928443,-99.1711683254619,2024-09-30T19:30:03.105725,225,254,1022,16.352,14.485039370078741
Juan Escutia,19.4168100657109,-99.1787589688272,2024-09-30T19:30:04.245841,106,111,768,26.08301886792453,24.90810810810811
Durango,19.4181411170688,-99.1747665701085,2024-09-30T19:30:05.619019,278,282,1220,15.798561151079136,15.574468085106382
Av. Alvaro Obregon,19.4165333917315,-99.1686609116258,2024-09-30T19:30:06.798786,526,272,1110,7.596958174904944,14.691176470588237
Salamanca,19.4218287295025,-99.170230063732,2024-09-30T19:30:08.008584,91,75,535,21.164835164835168,25.680000000000003
Puebla,19.4222855873235,-99.1644452406813,2024-09-30T19:30:09.210599,334,282,954,10.282634730538923,12.178723404255319
Colima,19.4180548118505,-99.1682470033675,2024-09-30T19:30:10.409834,92,95,298,11.66086956521739,11.292631578947368
Laredo,19.4131443328286,-99.1715287130923,2024-09-30T19:30:11.593969,48,55,156,11.7,10.210909090909091
Av. Insurgentes,19.4037031532808,-99.1692699611328,2024-09-30T20:00:12.882893,723,442,2252,11.213278008298756,18.342081447963803
Av. Nuevo León,19.4035424706988,-99.1711530598268,2024-09-30T20:00:14.056364,184,192,1103,21.580434782608695,20.68125
Av. Chapultepec,19.4203408773342,-99.1767217657321,2024-09-30T20:00:15.235341,871,757,3327,13.751090700344433,15.821928665785997
Cto. Bicentenario,19.4080683386285,-99.1841719353224,2024-09-30T20:00:16.590567,1262,777,4465,12.736925515055466,20.687258687258687
Amsterdam,19.4096629733812,-99.171524335536,2024-09-30T20:00:17.789660,223,247,987,15.933632286995515,14.385425101214576
Amsterdam,19.4094830928443,-99.1711683254619,2024-09-30T20:00:18.994932,230,254,1022,15.996521739130436,14.485039370078741
Juan Escutia,19.4168100657109,-99.1787589688272,2024-09-30T20:00:20.299765,110,111,768,25.134545454545457,24.90810810810811
Durango,19.4181411170688,-99.1747665701085,2024-09-30T20:00:21.494320,273,282,1220,16.087912087912088,15.574468085106382
Av. Alvaro Obregon,19.4165333917315,-99.1686609116258,2024-09-30T20:00:22.654768,456,272,1110,8.763157894736842,14.691176470588237
Salamanca,19.4218287295025,-99.170230063732,2024-09-30T20:00:23.861919,102,75,535,18.88235294117647,25.680000000000003
Puebla,19.4222855873235,-99.1644452406813,2024-09-30T20:00:25.061372,299,282,954,11.486287625418061,12.178723404255319
Colima,19.4180548118505,-99.1682470033675,2024-09-30T20:00:26.266405,94,95,298,11.412765957446807,11.292631578947368
Laredo,19.4131443328286,-99.1715287130923,2024-09-30T20:00:27.468736,52,55,156,10.8,10.210909090909091
Av. Insurgentes,19.4037031532808,-99.1692699611328,2024-09-30T20:30:28.776405,721,624,2702,13.49126213592233,15.588461538461537
Av. Nuevo León,19.4035424706988,-99.1711530598268,2024-09-30T20:30:29.948999,226,192,1103,17.569911504424777,20.68125
Av. Chapultepec,19.4203408773342,-99.1767217657321,2024-09-30T20:30:31.105649,1038,772,3284,11.389595375722545,15.313989637305701
Cto. Bicentenario,19.4080683386285,-99.1841719353224,2024-09-30T20:30:32.293356,965,786,5619,20.962072538860102,25.73587786259542
Amsterdam,19.4096629733812,-99.171524335536,2024-09-30T20:30:33.487162,219,247,987,16.224657534246575,14.385425101214576
Amsterdam,19.4094830928443,-99.1711683254619,2024-09-30T20:30:34.700037,224,254,1022,16.425,14.485039370078741
Juan Escutia,19.4168100657109,-99.1787589688272,2024-09-30T20:30:35.841518,96,111,768,28.799999999999997,24.90810810810811
Durango,19.4181411170688,-99.1747665701085,2024-09-30T20:30:37.060040,262,282,1220,16.763358778625953,15.574468085106382
Av. Alvaro Obregon,19.4165333917315,-99.1686609116258,2024-09-30T20:30:38.390115,733,387,1277,6.2717598908594825,11.879069767441862
Salamanca,19.4218287295025,-99.170230063732,2024-09-30T20:30:39.589708,69,75,535,27.913043478260875,25.680000000000003
Puebla,19.4222855873235,-99.1644452406813,2024-09-30T20:30:40.773892,302,282,954,11.372185430463578,12.178723404255319
Colima,19.4180548118505,-99.1682470033675,2024-09-30T20:30:41.956299,163,95,298,6.581595092024539,11.292631578947368
Laredo,19.4131443328286,-99.1715287130923,2024-09-30T20:30:43.174179,59,55,156,9.51864406779661,10.210909090909091
Av. Insurgentes,19.4037031532808,-99.1692699611328,2024-09-30T21:00:44.372185,673,442,2252,12.046359583952453,18.342081447963803
Av. Nuevo León,19.4035424706988,-99.1711530598268,2024-09-30T21:00:45.540508,169,192,1103,23.49585798816568,20.68125
Av. Chapultepec,19.4203408773342,-99.1767217657321,2024-09-30T21:00:46.716810,782,757,3327,15.316112531969308,15.821928665785997
Cto. Bicentenario,19.4080683386285,-99.1841719353224,2024-09-30T21:00:47.903150,969,632,5652,20.99814241486068,32.19493670886076
Amsterdam,19.4096629733812,-99.171524335536,2024-09-30T21:00:49.113846,221,247,987,16.077828054298642,14.385425101214576
Amsterdam,19.4094830928443,-99.1711683254619,2024-09-30T21:00:50.329669,234,254,1022,15.723076923076922,14.485039370078741
Juan Escutia,19.4168100657109,-99.1787589688272,2024-09-30T21:00:51.505719,96,111,768,28.799999999999997,24.90810810810811
Durango,19.4181411170688,-99.1747665701085,2024-09-30T21:00:52.696736,275,282,1220,15.970909090909089,15.574468085106382
Av. Alvaro Obregon,19.4165333917315,-99.1686609116258,2024-09-30T21:00:53.840559,441,272,1110,9.061224489795919,14.691176470588237
Salamanca,19.4218287295025,-99.170230063732,2024-09-30T21:00:55.065339,73,75,535,26.38356164383562,25.680000000000003
Puebla,19.4222855873235,-99.1644452406813,2024-09-30T21:00:56.406006,279,282,954,12.30967741935484,12.178723404255319
Colima,19.4180548118505,-99.1682470033675,2024-09-30T21:00:57.751761,157,95,298,6.83312101910828,11.292631578947368
Laredo,19.4131443328286,-99.1715287130923,2024-09-30T21:00:58.954901,51,55,156,11.011764705882353,10.210909090909091
Av. Insurgentes,19.4037031532808,-99.1692699611328,2024-09-30T21:31:00.197458,454,442,2252,17.857268722466962,18.342081447963803
Av. Nuevo León,19.4035424706988,-99.1711530598268,2024-09-30T21:31:01.386614,167,192,1103,23.777245508982034,20.68125
Av. Chapultepec,19.4203408773342,-99.1767217657321,2024-09-30T21:31:02.562773,728,757,3327,16.4521978021978,15.821928665785997
Cto. Bicentenario,19.4080683386285,-99.1841719353224,2024-09-30T21:31:03.741772,639,658,4653,26.21408450704226,25.45714285714286
Amsterdam,19.4096629733812,-99.171524335536,2024-09-30T21:31:04.940017,241,247,987,14.74356846473029,14.385425101214576
Amsterdam,19.4094830928443,-99.1711683254619,2024-09-30T21:31:06.151564,240,254,1022,15.33,14.485039370078741
Juan Escutia,19.4168100657109,-99.1787589688272,2024-09-30T21:31:07.305686,100,111,768,27.648000000000003,24.90810810810811
Durango,19.4181411170688,-99.1747665701085,2024-09-30T21:31:08.516759,252,282,1220,17.428571428571427,15.574468085106382
Av. Alvaro Obregon,19.4165333917315,-99.1686609116258,2024-09-30T21:31:09.686759,319,272,1110,12.526645768025078,14.691176470588237
Salamanca,19.4218287295025,-99.170230063732,2024-09-30T21:31:10.890550,61,75,535,31.573770491803277,25.680000000000003
Puebla,19.4222855873235,-99.1644452406813,2024-09-30T21:31:12.092119,264,282,954,13.00909090909091,12.178723404255319
Colima,19.4180548118505,-99.1682470033675,2024-09-30T21:31:13.280546,95,95,298,11.292631578947368,11.292631578947368
Laredo,19.4131443328286,-99.1715287130923,2024-09-30T21:31:14.640289,55,55,156,10.210909090909091,10.210909090909091
Av. Insurgentes,19.4037031532808,-99.1692699611328,2024-09-30T22:01:15.880611,462,442,2252,17.54805194805195,18.342081447963803
Av. Nuevo León,19.4035424706988,-99.1711530598268,2024-09-30T22:01:17.083646,161,192,1103,24.663354037267084,20.68125
Av. Chapultepec,19.4203408773342,-99.1767217657321,2024-09-30T22:01:18.255492,614,623,3164,18.551140065146583,18.283146067415732
Cto. Bicentenario,19.4080683386285,-99.1841719353224,2024-09-30T22:01:19.429588,570,632,5652,35.69684210526316,32.19493670886076
Amsterdam,19.4096629733812,-99.171524335536,2024-09-30T22:01:20.648570,252,247,987,14.099999999999998,14.385425101214576
Amsterdam,19.4094830928443,-99.1711683254619,2024-09-30T22:01:22.004327,258,254,1022,14.26046511627907,14.485039370078741
Juan Escutia,19.4168100657109,-99.1787589688272,2024-09-30T22:01:23.133494,93,111,768,29.729032258064517,24.90810810810811
Durango,19.4181411170688,-99.1747665701085,2024-09-30T22:01:24.346955,244,282,1220,17.999999999999996,15.574468085106382
Av. Alvaro Obregon,19.4165333917315,-99.1686609116258,2024-09-30T22:01:25.508762,279,272,1110,14.322580645161292,14.691176470588237
Salamanca,19.4218287295025,-99.170230063732,2024-09-30T22:01:26.710825,53,75,535,36.339622641509436,25.680000000000003
Puebla,19.4222855873235,-99.1644452406813,2024-09-30T22:01:27.919940,254,282,954,13.521259842519687,12.178723404255319
Colima,19.4180548118505,-99.1682470033675,2024-09-30T22:01:29.124032,98,95,298,10.946938775510205,11.292631578947368
Laredo,19.4131443328286,-99.1715287130923,2024-09-30T22:01:30.309199,49,55,156,11.461224489795919,10.210909090909091
Av. Insurgentes,19.4037031532808,-99.1692699611328,2024-09-30T22:31:31.594322,399,442,2252,20.318796992481204,18.342081447963803
Av. Nuevo León,19.4035424706988,-99.1711530598268,2024-09-30T22:31:32.766418,165,192,1103,24.065454545454546,20.68125
Av. Chapultepec,19.4203408773342,-99.1767217657321,2024-09-30T22:31:33.940540,568,623,3164,20.053521126760565,18.283146067415732
Cto. Bicentenario,19.4080683386285,-99.1841719353224,2024-09-30T22:31:35.112058,639,632,5652,31.842253521126764,32.19493670886076
Amsterdam,19.4096629733812,-99.171524335536,2024-09-30T22:31:36.322762,231,247,987,15.381818181818183,14.385425101214576
Amsterdam,19.4094830928443,-99.1711683254619,2024-09-30T22:31:37.524351,242,254,1022,15.203305785123966,14.485039370078741
Juan Escutia,19.4168100657109,-99.1787589688272,2024-09-30T22:31:38.664626,92,111,768,30.05217391304348,24.90810810810811
Durango,19.4181411170688,-99.1747665701085,2024-09-30T22:31:39.849396,239,282,1220,18.376569037656903,15.574468085106382
Av. Alvaro Obregon,19.4165333917315,-99.1686609116258,2024-09-30T22:31:40.997995,221,272,1110,18.08144796380091,14.691176470588237
Salamanca,19.4218287295025,-99.170230063732,2024-09-30T22:31:42.196130,51,75,535,37.76470588235294,25.680000000000003
Puebla,19.4222855873235,-99.1644452406813,2024-09-30T22:31:43.403442,244,282,954,14.075409836065573,12.178723404255319
Colima,19.4180548118505,-99.1682470033675,2024-09-30T22:31:44.602699,84,95,298,12.77142857142857,11.292631578947368
Laredo,19.4131443328286,-99.1715287130923,2024-09-30T22:31:45.778896,59,55,156,9.51864406779661,10.210909090909091
Av. Insurgentes,19.4037031532808,-99.1692699611328,2024-09-30T23:01:47.076595,396,442,2252,20.472727272727276,18.342081447963803
Av. Nuevo León,19.4035424706988,-99.1711530598268,2024-09-30T23:01:48.413693,153,192,1103,25.952941176470585,20.68125
Av. Chapultepec,19.4203408773342,-99.1767217657321,2024-09-30T23:01:49.582731,576,623,3164,19.775000000000002,18.283146067415732
Cto. Bicentenario,19.4080683386285,-99.1841719353224,2024-09-30T23:01:50.908735,547,632,5652,37.197806215722125,32.19493670886076
Amsterdam,19.4096629733812,-99.171524335536,2024-09-30T23:01:52.110741,217,247,987,16.374193548387098,14.385425101214576
Amsterdam,19.4094830928443,-99.1711683254619,2024-09-30T23:01:53.305666,224,254,1022,16.425,14.485039370078741
Juan Escutia,19.4168100657109,-99.1787589688272,2024-09-30T23:01:54.631166,96,111,768,28.799999999999997,24.90810810810811
Durango,19.4181411170688,-99.1747665701085,2024-09-30T23:01:55.960266,242,282,1220,18.14876033057851,15.574468085106382
Av. Alvaro Obregon,19.4165333917315,-99.1686609116258,2024-09-30T23:01:57.253824,209,272,1110,19.119617224880386,14.691176470588237
Salamanca,19.4218287295025,-99.170230063732,2024-09-30T23:01:58.431779,51,75,535,37.76470588235294,25.680000000000003
Puebla,19.4222855873235,-99.1644452406813,2024-09-30T23:01:59.611866,260,282,954,13.209230769230771,12.178723404255319
Colima,19.4180548118505,-99.1682470033675,2024-09-30T23:02:00.964886,89,95,298,12.053932584269663,11.292631578947368
Laredo,19.4131443328286,-99.1715287130923,2024-09-30T23:02:02.148203,61,55,156,9.20655737704918,10.210909090909091
Av. Insurgentes,19.4037031532808,-99.1692699611328,2024-09-30T23:32:03.462338,397,442,2252,20.421158690176323,18.342081447963803
Av. Nuevo León,19.4035424706988,-99.1711530598268,2024-09-30T23:32:04.635482,147,192,1103,27.012244897959185,20.68125
Av. Chapultepec,19.4203408773342,-99.1767217657321,2024-09-30T23:32:05.806932,515,623,3164,22.117281553398062,18.283146067415732
Cto. Bicentenario,19.4080683386285,-99.1841719353224,2024-09-30T23:32:06.976766,505,632,5652,40.29148514851485,32.19493670886076
Amsterdam,19.4096629733812,-99.171524335536,2024-09-30T23:32:08.184420,209,247,987,17.000956937799042,14.385425101214576
Amsterdam,19.4094830928443,-99.1711683254619,2024-09-30T23:32:09.541354,217,254,1022,16.95483870967742,14.485039370078741
Juan Escutia,19.4168100657109,-99.1787589688272,2024-09-30T23:32:10.823255,98,111,768,28.212244897959184,24.90810810810811
Durango,19.4181411170688,-99.1747665701085,2024-09-30T23:32:12.014493,233,282,1220,18.84978540772532,15.574468085106382
Av. Alvaro Obregon,19.4165333917315,-99.1686609116258,2024-09-30T23:32:13.163257,196,272,1110,20.38775510204082,14.691176470588237
Salamanca,19.4218287295025,-99.170230063732,2024-09-30T23:32:14.503248,51,75,535,37.76470588235294,25.680000000000003
Puebla,19.4222855873235,-99.1644452406813,2024-09-30T23:32:15.681211,247,282,954,13.904453441295548,12.178723404255319
Colima,19.4180548118505,-99.1682470033675,2024-09-30T23:32:16.859893,94,95,298,11.412765957446807,11.292631578947368
Laredo,19.4131443328286,-99.1715287130923,2024-09-30T23:32:18.044881,52,55,156,10.8,10.210909090909091
Av. Insurgentes,19.4037031532808,-99.1692699611328,2024-10-01T00:02:19.354458,384,442,2252,21.1125,18.342081447963803
Av. Nuevo León,19.4035424706988,-99.1711530598268,2024-10-01T00:02:20.534175,160,192,1103,24.8175,20.68125
Av. Chapultepec,19.4203408773342,-99.1767217657321,2024-10-01T00:02:21.728265,484,623,3164,23.53388429752066,18.283146067415732
Cto. Bicentenario,19.4080683386285,-99.1841719353224,2024-10-01T00:02:22.904128,514,632,5652,39.585992217898834,32.19493670886076
Amsterdam,19.4096629733812,-99.171524335536,2024-10-01T00:02:24.102421,200,247,987,17.766000000000002,14.385425101214576
Amsterdam,19.4094830928443,-99.1711683254619,2024-10-01T00:02:25.296419,213,254,1022,17.27323943661972,14.485039370078741
Juan Escutia,19.4168100657109,-99.1787589688272,2024-10-01T00:02:26.445628,95,111,768,29.103157894736842,24.90810810810811
Durango,19.4181411170688,-99.1747665701085,2024-10-01T00:02:27.653216,236,282,1220,18.610169491525422,15.574468085106382
Av. Alvaro Obregon,19.4165333917315,-99.1686609116258,2024-10-01T00:02:28.804612,192,272,1110,20.8125,14.691176470588237
Salamanca,19.4218287295025,-99.170230063732,2024-10-01T00:02:30.003219,45,75,535,42.8,25.680000000000003
Puebla,19.4222855873235,-99.1644452406813,2024-10-01T00:02:31.184584,280,282,954,12.265714285714287,12.178723404255319
Colima,19.4180548118505,-99.1682470033675,2024-10-01T00:02:32.384665,85,95,298,12.621176470588235,11.292631578947368
Laredo,19.4131443328286,-99.1715287130923,2024-10-01T00:02:33.561057,45,55,156,12.479999999999999,10.210909090909091
Av. Insurgentes,19.4037031532808,-99.1692699611328,2024-10-01T00:32:34.875858,343,442,2252,23.636151603498543,18.342081447963803
Av. Nuevo León,19.4035424706988,-99.1711530598268,2024-10-01T00:32:36.042020,149,192,1103,26.649664429530198,20.68125
Av. Chapultepec,19.4203408773342,-99.1767217657321,2024-10-01T00:32:37.214784,450,623,3164,25.312,18.283146067415732
Cto. Bicentenario,19.4080683386285,-99.1841719353224,2024-10-01T00:32:38.449306,473,632,5652,43.017336152219876,32.19493670886076
Amsterdam,19.4096629733812,-99.171524335536,2024-10-01T00:32:39.634087,191,247,987,18.603141361256544,14.385425101214576
Amsterdam,19.4094830928443,-99.1711683254619,2024-10-01T00:32:40.840860,200,254,1022,18.396,14.485039370078741
Juan Escutia,19.4168100657109,-99.1787589688272,2024-10-01T00:32:41.980148,95,111,768,29.103157894736842,24.90810810810811
Durango,19.4181411170688,-99.1747665701085,2024-10-01T00:32:43.188438,215,282,1220,20.427906976744186,15.574468085106382
Av. Alvaro Obregon,19.4165333917315,-99.1686609116258,2024-10-01T00:32:44.367841,189,272,1110,21.142857142857146,14.691176470588237
Salamanca,19.4218287295025,-99.170230063732,2024-10-01T00:32:45.576290,46,75,535,41.869565217391305,25.680000000000003
Puebla,19.4222855873235,-99.1644452406813,2024-10-01T00:32:46.769495,229,282,954,14.997379912663758,12.178723404255319
Colima,19.4180548118505,-99.1682470033675,2024-10-01T00:32:47.971942,73,95,298,14.695890410958905,11.292631578947368
Laredo,19.4131443328286,-99.1715287130923,2024-10-01T00:32:49.169355,40,55,156,14.04,10.210909090909091
Av. Insurgentes,19.4037031532808,-99.1692699611328,2024-10-01T01:02:50.641739,334,442,2252,24.27305389221557,18.342081447963803
Av. Nuevo León,19.4035424706988,-99.1711530598268,2024-10-01T01:02:51.820066,146,192,1103,27.197260273972603,20.68125
Av. Chapultepec,19.4203408773342,-99.1767217657321,2024-10-01T01:02:53.139416,438,623,3164,26.005479452054793,18.283146067415732
Cto. Bicentenario,19.4080683386285,-99.1841719353224,2024-10-01T01:02:54.316181,459,632,5652,44.32941176470588,32.19493670886076
Amsterdam,19.4096629733812,-99.171524335536,2024-10-01T01:02:55.519276,204,247,987,17.41764705882353,14.385425101214576
Amsterdam,19.4094830928443,-99.1711683254619,2024-10-01T01:02:56.730577,214,254,1022,17.192523364485982,14.485039370078741
Juan Escutia,19.4168100657109,-99.1787589688272,2024-10-01T01:02:57.878548,95,111,768,29.103157894736842,24.90810810810811
Durango,19.4181411170688,-99.1747665701085,2024-10-01T01:02:59.073029,203,282,1220,21.635467980295566,15.574468085106382
Av. Alvaro Obregon,19.4165333917315,-99.1686609116258,2024-10-01T01:03:00.377916,172,272,1110,23.232558139534884,14.691176470588237
Salamanca,19.4218287295025,-99.170230063732,2024-10-01T01:03:01.559834,47,75,535,40.97872340425532,25.680000000000003
Puebla,19.4222855873235,-99.1644452406813,2024-10-01T01:03:02.742829,218,282,954,15.754128440366973,12.178723404255319
Colima,19.4180548118505,-99.1682470033675,2024-10-01T01:03:03.944343,74,95,298,14.497297297297296,11.292631578947368
Laredo,19.4131443328286,-99.1715287130923,2024-10-01T01:03:05.127141,38,55,156,14.778947368421052,10.210909090909091
Av. Insurgentes,19.4037031532808,-99.1692699611328,2024-10-01T01:33:06.433425,313,442,2252,25.901597444089457,18.342081447963803
Av. Nuevo León,19.4035424706988,-99.1711530598268,2024-10-01T01:33:07.616669,140,192,1103,28.36285714285714,20.68125
Av. Chapultepec,19.4203408773342,-99.1767217657321,2024-10-01T01:33:08.787590,397,623,3164,28.6911838790932,18.283146067415732
Cto. Bicentenario,19.4080683386285,-99.1841719353224,2024-10-01T01:33:10.112968,469,632,5652,43.384221748400854,32.19493670886076
Amsterdam,19.4096629733812,-99.171524335536,2024-10-01T01:33:11.461301,189,247,987,18.8,14.385425101214576
Amsterdam,19.4094830928443,-99.1711683254619,2024-10-01T01:33:12.808440,196,254,1022,18.771428571428572,14.485039370078741
Juan Escutia,19.4168100657109,-99.1787589688272,2024-10-01T01:33:14.113282,87,111,768,31.779310344827586,24.90810810810811
Durango,19.4181411170688,-99.1747665701085,2024-10-01T01:33:15.442038,199,282,1220,22.07035175879397,15.574468085106382
Av. Alvaro Obregon,19.4165333917315,-99.1686609116258,2024-10-01T01:33:16.738547,169,272,1110,23.644970414201186,14.691176470588237
Salamanca,19.4218287295025,-99.170230063732,2024-10-01T01:33:17.930817,51,75,535,37.76470588235294,25.680000000000003
Puebla,19.4222855873235,-99.1644452406813,2024-10-01T01:33:19.263510,211,282,954,16.276777251184836,12.178723404255319
Colima,19.4180548118505,-99.1682470033675,2024-10-01T01:33:20.445843,79,95,298,13.579746835443038,11.292631578947368
Laredo,19.4131443328286,-99.1715287130923,2024-10-01T01:33:21.794334,46,55,156,12.208695652173912,10.210909090909091
Av. Insurgentes,19.4037031532808,-99.1692699611328,2024-10-01T02:03:23.425717,304,442,2252,26.66842105263158,18.342081447963803
Av. Nuevo León,19.4035424706988,-99.1711530598268,2024-10-01T02:03:24.751672,142,192,1103,27.963380281690142,20.68125
Av. Chapultepec,19.4203408773342,-99.1767217657321,2024-10-01T02:03:26.083777,397,623,3164,28.6911838790932,18.283146067415732
Cto. Bicentenario,19.4080683386285,-99.1841719353224,2024-10-01T02:03:27.242540,470,632,5652,43.29191489361702,32.19493670886076
Amsterdam,19.4096629733812,-99.171524335536,2024-10-01T02:03:28.591229,199,247,987,17.855276381909547,14.385425101214576
Amsterdam,19.4094830928443,-99.1711683254619,2024-10-01T02:03:29.799245,210,254,1022,17.52,14.485039370078741
Juan Escutia,19.4168100657109,-99.1787589688272,2024-10-01T02:03:30.935998,84,111,768,32.91428571428571,24.90810810810811
Durango,19.4181411170688,-99.1747665701085,2024-10-01T02:03:32.295585,210,282,1220,20.914285714285715,15.574468085106382
Av. Alvaro Obregon,19.4165333917315,-99.1686609116258,2024-10-01T02:03:33.464833,158,272,1110,25.291139240506332,14.691176470588237
Salamanca,19.4218287295025,-99.170230063732,2024-10-01T02:03:34.821385,46,75,535,41.869565217391305,25.680000000000003
Puebla,19.4222855873235,-99.1644452406813,2024-10-01T02:03:36.162224,221,282,954,15.540271493212671,12.178723404255319
Colima,19.4180548118505,-99.1682470033675,2024-10-01T02:03:37.352595,61,95,298,17.586885245901637,11.292631578947368
Laredo,19.4131443328286,-99.1715287130923,2024-10-01T02:03:38.686144,41,55,156,13.697560975609756,10.210909090909091
Av. Insurgentes,19.4037031532808,-99.1692699611328,2024-10-01T02:33:40.184207,329,442,2252,24.6419452887538,18.342081447963803
Av. Nuevo León,19.4035424706988,-99.1711530598268,2024-10-01T02:33:41.511978,133,192,1103,29.85563909774436,20.68125
Av. Chapultepec,19.4203408773342,-99.1767217657321,2024-10-01T02:33:42.812799,397,623,3164,28.6911838790932,18.283146067415732
Cto. Bicentenario,19.4080683386285,-99.1841719353224,2024-10-01T02:33:44.142599,445,632,5652,45.724044943820225,32.19493670886076
Amsterdam,19.4096629733812,-99.171524335536,2024-10-01T02:33:45.331953,207,247,987,17.165217391304346,14.385425101214576
Amsterdam,19.4094830928443,-99.1711683254619,2024-10-01T02:33:46.542965,219,254,1022,16.8,14.485039370078741
Juan Escutia,19.4168100657109,-99.1787589688272,2024-10-01T02:33:47.700237,81,111,768,34.13333333333333,24.90810810810811
Durango,19.4181411170688,-99.1747665701085,2024-10-01T02:33:48.908082,189,282,1220,23.238095238095237,15.574468085106382
Av. Alvaro Obregon,19.4165333917315,-99.1686609116258,2024-10-01T02:33:50.062197,158,272,1110,25.291139240506332,14.691176470588237
Salamanca,19.4218287295025,-99.170230063732,2024-10-01T02:33:51.274718,45,75,535,42.8,25.680000000000003
Puebla,19.4222855873235,-99.1644452406813,2024-10-01T02:33:52.476296,191,282,954,17.981151832460732,12.178723404255319
Colima,19.4180548118505,-99.1682470033675,2024-10-01T02:33:53.813367,71,95,298,15.109859154929579,11.292631578947368
Laredo,19.4131443328286,-99.1715287130923,2024-10-01T02:33:55.014777,44,55,156,12.763636363636364,10.210909090909091
Av. Insurgentes,19.4037031532808,-99.1692699611328,2024-10-01T03:03:56.421658,291,442,2252,27.859793814432994,18.342081447963803
Av. Nuevo León,19.4035424706988,-99.1711530598268,2024-10-01T03:03:57.754379,118,192,1103,33.650847457627115,20.68125
Av. Chapultepec,19.4203408773342,-99.1767217657321,2024-10-01T03:03:58.905599,380,623,3164,29.974736842105266,18.283146067415732
Cto. Bicentenario,19.4080683386285,-99.1841719353224,2024-10-01T03:04:00.238070,447,632,5652,45.519463087248326,32.19493670886076
Amsterdam,19.4096629733812,-99.171524335536,2024-10-01T03:04:01.450712,201,247,987,17.677611940298508,14.385425101214576
Amsterdam,19.4094830928443,-99.1711683254619,2024-10-01T03:04:02.811846,211,254,1022,17.43696682464455,14.485039370078741
Juan Escutia,19.4168100657109,-99.1787589688272,2024-10-01T03:04:03.954483,117,111,768,23.630769230769232,24.90810810810811
Durango,19.4181411170688,-99.1747665701085,2024-10-01T03:04:05.176586,203,282,1220,21.635467980295566,15.574468085106382
Av. Alvaro Obregon,19.4165333917315,-99.1686609116258,2024-10-01T03:04:06.373290,159,272,1110,25.132075471698116,14.691176470588237
Salamanca,19.4218287295025,-99.170230063732,2024-10-01T03:04:07.569229,46,75,535,41.869565217391305,25.680000000000003
Puebla,19.4222855873235,-99.1644452406813,2024-10-01T03:04:08.775573,182,282,954,18.87032967032967,12.178723404255319
Colima,19.4180548118505,-99.1682470033675,2024-10-01T03:04:09.964682,61,95,298,17.586885245901637,11.292631578947368
Laredo,19.4131443328286,-99.1715287130923,2024-10-01T03:04:11.324625,42,55,156,13.37142857142857,10.210909090909091
Av. Insurgentes,19.4037031532808,-99.1692699611328,2024-10-01T03:34:12.699378,294,442,2252,27.575510204081635,18.342081447963803
Av. Nuevo León,19.4035424706988,-99.1711530598268,2024-10-01T03:34:14.028796,139,192,1103,28.566906474820144,20.68125
Av. Chapultepec,19.4203408773342,-99.1767217657321,2024-10-01T03:34:15.349379,390,623,3164,29.206153846153846,18.283146067415732
Cto. Bicentenario,19.4080683386285,-99.1841719353224,2024-10-01T03:34:16.528519,445,632,5652,45.724044943820225,32.19493670886076
Amsterdam,19.4096629733812,-99.171524335536,2024-10-01T03:34:17.888367,209,247,987,17.000956937799042,14.385425101214576
Amsterdam,19.4094830928443,-99.1711683254619,2024-10-01T03:34:19.071520,220,254,1022,16.723636363636363,14.485039370078741
Juan Escutia,19.4168100657109,-99.1787589688272,2024-10-01T03:34:20.372529,132,111,768,20.945454545454545,24.90810810810811
Durango,19.4181411170688,-99.1747665701085,2024-10-01T03:34:21.745604,196,282,1220,22.408163265306122,15.574468085106382
Av. Alvaro Obregon,19.4165333917315,-99.1686609116258,2024-10-01T03:34:22.912591,151,272,1110,26.4635761589404,14.691176470588237
Salamanca,19.4218287295025,-99.170230063732,2024-10-01T03:34:24.113890,48,75,535,40.125,25.680000000000003
Puebla,19.4222855873235,-99.1644452406813,2024-10-01T03:34:25.483897,215,282,954,15.973953488372093,12.178723404255319
Colima,19.4180548118505,-99.1682470033675,2024-10-01T03:34:26.825882,68,95,298,15.776470588235293,11.292631578947368
Laredo,19.4131443328286,-99.1715287130923,2024-10-01T03:34:28.171879,42,55,156,13.37142857142857,10.210909090909091
Av. Insurgentes,19.4037031532808,-99.1692699611328,2024-10-01T04:04:29.562990,292,442,2252,27.76438356164384,18.342081447963803
Av. Nuevo León,19.4035424706988,-99.1711530598268,2024-10-01T04:04:30.734782,136,192,1103,29.19705882352941,20.68125
Av. Chapultepec,19.4203408773342,-99.1767217657321,2024-10-01T04:04:31.956401,366,623,3164,31.121311475409836,18.283146067415732
Cto. Bicentenario,19.4080683386285,-99.1841719353224,2024-10-01T04:04:33.132008,431,632,5652,47.2092807424594,32.19493670886076
Amsterdam,19.4096629733812,-99.171524335536,2024-10-01T04:04:34.500572,211,247,987,16.839810426540282,14.385425101214576
Amsterdam,19.4094830928443,-99.1711683254619,2024-10-01T04:04:35.857369,219,254,1022,16.8,14.485039370078741
Juan Escutia,19.4168100657109,-99.1787589688272,2024-10-01T04:04:37.179481,77,111,768,35.90649350649351,24.90810810810811
Durango,19.4181411170688,-99.1747665701085,2024-10-01T04:04:38.521006,196,282,1220,22.408163265306122,15.574468085106382
Av. Alvaro Obregon,19.4165333917315,-99.1686609116258,2024-10-01T04:04:39.833637,151,272,1110,26.4635761589404,14.691176470588237
Salamanca,19.4218287295025,-99.170230063732,2024-10-01T04:04:41.168276,47,75,535,40.97872340425532,25.680000000000003
Puebla,19.4222855873235,-99.1644452406813,2024-10-01T04:04:42.516541,244,282,954,14.075409836065573,12.178723404255319
Colima,19.4180548118505,-99.1682470033675,2024-10-01T04:04:43.845285,68,95,298,15.776470588235293,11.292631578947368
Laredo,19.4131443328286,-99.1715287130923,2024-10-01T04:04:45.194073,39,55,156,14.4,10.210909090909091
Av. Insurgentes,19.4037031532808,-99.1692699611328,2024-10-01T04:34:46.650173,293,442,2252,27.669624573378844,18.342081447963803
Av. Nuevo León,19.4035424706988,-99.1711530598268,2024-10-01T04:34:47.977601,141,192,1103,28.161702127659574,20.68125
Av. Chapultepec,19.4203408773342,-99.1767217657321,2024-10-01T04:34:49.162514,360,623,3164,31.64,18.283146067415732
Cto. Bicentenario,19.4080683386285,-99.1841719353224,2024-10-01T04:34:50.497596,437,632,5652,46.561098398169335,32.19493670886076
Amsterdam,19.4096629733812,-99.171524335536,2024-10-01T04:34:51.853775,211,247,987,16.839810426540282,14.385425101214576
Amsterdam,19.4094830928443,-99.1711683254619,2024-10-01T04:34:53.213585,220,254,1022,16.723636363636363,14.485039370078741
Juan Escutia,19.4168100657109,-99.1787589688272,2024-10-01T04:34:54.524813,75,111,768,36.864000000000004,24.90810810810811
Durango,19.4181411170688,-99.1747665701085,2024-10-01T04:34:55.713296,205,282,1220,21.42439024390244,15.574468085106382
Av. Alvaro Obregon,19.4165333917315,-99.1686609116258,2024-10-01T04:34:56.862352,146,272,1110,27.369863013698634,14.691176470588237
Salamanca,19.4218287295025,-99.170230063732,2024-10-01T04:34:58.217628,44,75,535,43.77272727272727,25.680000000000003
Puebla,19.4222855873235,-99.1644452406813,2024-10-01T04:34:59.554123,197,282,954,17.433502538071068,12.178723404255319
Colima,19.4180548118505,-99.1682470033675,2024-10-01T04:35:00.904903,70,95,298,15.325714285714286,11.292631578947368
Laredo,19.4131443328286,-99.1715287130923,2024-10-01T04:35:02.262400,39,55,156,14.4,10.210909090909091
Av. Insurgentes,19.4037031532808,-99.1692699611328,2024-10-01T05:05:03.578247,289,442,2252,28.052595155709344,18.342081447963803
Av. Nuevo León,19.4035424706988,-99.1711530598268,2024-10-01T05:05:04.892945,117,192,1103,33.93846153846154,20.68125
Av. Chapultepec,19.4203408773342,-99.1767217657321,2024-10-01T05:05:06.220586,358,623,3164,31.816759776536312,18.283146067415732
Cto. Bicentenario,19.4080683386285,-99.1841719353224,2024-10-01T05:05:07.562187,457,632,5652,44.523413566739606,32.19493670886076
Amsterdam,19.4096629733812,-99.171524335536,2024-10-01T05:05:08.949443,211,247,987,16.839810426540282,14.385425101214576
Amsterdam,19.4094830928443,-99.1711683254619,2024-10-01T05:05:10.149419,220,254,1022,16.723636363636363,14.485039370078741
Juan Escutia,19.4168100657109,-99.1787589688272,2024-10-01T05:05:11.461001,99,111,768,27.92727272727273,24.90810810810811
Durango,19.4181411170688,-99.1747665701085,2024-10-01T05:05:12.807107,210,282,1220,20.914285714285715,15.574468085106382
Av. Alvaro Obregon,19.4165333917315,-99.1686609116258,2024-10-01T05:05:13.978646,143,272,1110,27.944055944055947,14.691176470588237
Salamanca,19.4218287295025,-99.170230063732,2024-10-01T05:05:15.320552,47,75,535,40.97872340425532,25.680000000000003
Puebla,19.4222855873235,-99.1644452406813,2024-10-01T05:05:16.698363,180,282,954,19.080000000000002,12.178723404255319
Colima,19.4180548118505,-99.1682470033675,2024-10-01T05:05:17.886955,79,95,298,13.579746835443038,11.292631578947368
Laredo,19.4131443328286,-99.1715287130923,2024-10-01T05:05:19.248442,39,55,156,14.4,10.210909090909091
Av. Insurgentes,19.4037031532808,-99.1692699611328,2024-10-01T05:35:20.547117,306,442,2252,26.494117647058825,18.342081447963803
Av. Nuevo León,19.4035424706988,-99.1711530598268,2024-10-01T05:35:21.868892,114,192,1103,34.83157894736842,20.68125
Av. Chapultepec,19.4203408773342,-99.1767217657321,2024-10-01T05:35:23.193551,380,623,3164,29.974736842105266,18.283146067415732
Cto. Bicentenario,19.4080683386285,-99.1841719353224,2024-10-01T05:35:24.535314,460,632,5652,44.233043478260875,32.19493670886076
Amsterdam,19.4096629733812,-99.171524335536,2024-10-01T05:35:25.887363,208,247,987,17.08269230769231,14.385425101214576
Amsterdam,19.4094830928443,-99.1711683254619,2024-10-01T05:35:27.257422,219,254,1022,16.8,14.485039370078741
Juan Escutia,19.4168100657109,-99.1787589688272,2024-10-01T05:35:28.565315,97,111,768,28.503092783505156,24.90810810810811
Durango,19.4181411170688,-99.1747665701085,2024-10-01T05:35:29.910397,212,282,1220,20.71698113207547,15.574468085106382
Av. Alvaro Obregon,19.4165333917315,-99.1686609116258,2024-10-01T05:35:31.232523,146,272,1110,27.369863013698634,14.691176470588237
Salamanca,19.4218287295025,-99.170230063732,2024-10-01T05:35:32.590742,45,75,535,42.8,25.680000000000003
Puebla,19.4222855873235,-99.1644452406813,2024-10-01T05:35:33.779979,188,282,954,18.26808510638298,12.178723404255319
Colima,19.4180548118505,-99.1682470033675,2024-10-01T05:35:35.125245,62,95,298,17.30322580645161,11.292631578947368
Laredo,19.4131443328286,-99.1715287130923,2024-10-01T05:35:36.478172,39,55,156,14.4,10.210909090909091
Av. Insurgentes,19.4037031532808,-99.1692699611328,2024-10-01T06:05:37.794289,360,442,2252,22.52,18.342081447963803
Av. Nuevo León,19.4035424706988,-99.1711530598268,2024-10-01T06:05:39.120950,133,192,1103,29.85563909774436,20.68125
Av. Chapultepec,19.4203408773342,-99.1767217657321,2024-10-01T06:05:40.430484,412,623,3164,27.646601941747573,18.283146067415732
Cto. Bicentenario,19.4080683386285,-99.1841719353224,2024-10-01T06:05:41.760805,452,632,5652,45.01592920353982,32.19493670886076
Amsterdam,19.4096629733812,-99.171524335536,2024-10-01T06:05:43.107939,214,247,987,16.60373831775701,14.385425101214576
Amsterdam,19.4094830928443,-99.1711683254619,2024-10-01T06:05:44.477202,223,254,1022,16.498654708520178,14.485039370078741
Juan Escutia,19.4168100657109,-99.1787589688272,2024-10-01T06:05:45.781562,119,111,768,23.233613445378154,24.90810810810811
Durango,19.4181411170688,-99.1747665701085,2024-10-01T06:05:47.005537,265,282,1220,16.573584905660375,15.574468085106382
Av. Alvaro Obregon,19.4165333917315,-99.1686609116258,2024-10-01T06:05:48.326027,159,272,1110,25.132075471698116,14.691176470588237
Salamanca,19.4218287295025,-99.170230063732,2024-10-01T06:05:49.513112,47,75,535,40.97872340425532,25.680000000000003
Puebla,19.4222855873235,-99.1644452406813,2024-10-01T06:05:50.874179,168,282,954,20.442857142857143,12.178723404255319
Colima,19.4180548118505,-99.1682470033675,2024-10-01T06:05:52.089458,55,95,298,19.505454545454544,11.292631578947368
Laredo,19.4131443328286,-99.1715287130923,2024-10-01T06:05:53.298914,39,55,156,14.4,10.210909090909091
Av. Insurgentes,19.4037031532808,-99.1692699611328,2024-10-01T06:35:54.779514,335,442,2252,24.200597014925375,18.342081447963803
Av. Nuevo León,19.4035424706988,-99.1711530598268,2024-10-01T06:35:55.947083,111,192,1103,35.77297297297297,20.68125
Av. Chapultepec,19.4203408773342,-99.1767217657321,2024-10-01T06:35:57.272917,443,623,3164,25.711963882618512,18.283146067415732
Cto. Bicentenario,19.4080683386285,-99.1841719353224,2024-10-01T06:35:58.452738,468,632,5652,43.47692307692308,32.19493670886076
Amsterdam,19.4096629733812,-99.171524335536,2024-10-01T06:35:59.650377,228,247,987,15.584210526315788,14.385425101214576
Amsterdam,19.4094830928443,-99.1711683254619,2024-10-01T06:36:00.844962,231,254,1022,15.927272727272728,14.485039370078741
Juan Escutia,19.4168100657109,-99.1787589688272,2024-10-01T06:36:02.004474,115,111,768,24.041739130434784,24.90810810810811
Durango,19.4181411170688,-99.1747665701085,2024-10-01T06:36:03.383929,248,282,1220,17.70967741935484,15.574468085106382
Av. Alvaro Obregon,19.4165333917315,-99.1686609116258,2024-10-01T06:36:04.563625,165,272,1110,24.218181818181822,14.691176470588237
Salamanca,19.4218287295025,-99.170230063732,2024-10-01T06:36:05.939257,45,75,535,42.8,25.680000000000003
Puebla,19.4222855873235,-99.1644452406813,2024-10-01T06:36:07.318464,191,282,954,17.981151832460732,12.178723404255319
Colima,19.4180548118505,-99.1682470033675,2024-10-01T06:36:08.661104,61,95,298,17.586885245901637,11.292631578947368
Laredo,19.4131443328286,-99.1715287130923,2024-10-01T06:36:10.022179,39,55,156,14.4,10.210909090909091
Av. Insurgentes,19.4037031532808,-99.1692699611328,2024-10-01T07:06:11.415571,435,442,2252,18.637241379310346,18.342081447963803
Av. Nuevo León,19.4035424706988,-99.1711530598268,2024-10-01T07:06:12.584228,142,192,1103,27.963380281690142,20.68125
Av. Chapultepec,19.4203408773342,-99.1767217657321,2024-10-01T07:06:13.898835,487,623,3164,23.388911704312118,18.283146067415732
Cto. Bicentenario,19.4080683386285,-99.1841719353224,2024-10-01T07:06:15.225334,469,632,5652,43.384221748400854,32.19493670886076
Amsterdam,19.4096629733812,-99.171524335536,2024-10-01T07:06:16.415829,236,247,987,15.05593220338983,14.385425101214576
Amsterdam,19.4094830928443,-99.1711683254619,2024-10-01T07:06:17.766925,200,260,897,16.146,12.420000000000002
Juan Escutia,19.4168100657109,-99.1787589688272,2024-10-01T07:06:18.938781,130,111,768,21.26769230769231,24.90810810810811
Durango,19.4181411170688,-99.1747665701085,2024-10-01T07:06:20.144094,233,282,1220,18.84978540772532,15.574468085106382
Av. Alvaro Obregon,19.4165333917315,-99.1686609116258,2024-10-01T07:06:21.446212,171,272,1110,23.368421052631582,14.691176470588237
Salamanca,19.4218287295025,-99.170230063732,2024-10-01T07:06:22.646021,45,75,535,42.8,25.680000000000003
Puebla,19.4222855873235,-99.1644452406813,2024-10-01T07:06:23.985833,222,282,954,15.470270270270271,12.178723404255319
Colima,19.4180548118505,-99.1682470033675,2024-10-01T07:06:25.190991,66,95,298,16.254545454545454,11.292631578947368
Laredo,19.4131443328286,-99.1715287130923,2024-10-01T07:06:26.403409,39,55,156,14.4,10.210909090909091
Av. Insurgentes,19.4037031532808,-99.1692699611328,2024-10-01T07:36:27.637227,413,442,2252,19.63002421307506,18.342081447963803
Av. Nuevo León,19.4035424706988,-99.1711530598268,2024-10-01T07:36:28.806701,157,192,1103,25.291719745222927,20.68125
Av. Chapultepec,19.4203408773342,-99.1767217657321,2024-10-01T07:36:29.968574,510,623,3164,22.334117647058825,18.283146067415732
Cto. Bicentenario,19.4080683386285,-99.1841719353224,2024-10-01T07:36:31.133835,507,632,5652,40.13254437869823,32.19493670886076
Amsterdam,19.4096629733812,-99.171524335536,2024-10-01T07:36:32.520486,259,247,987,13.718918918918918,14.385425101214576
Amsterdam,19.4094830928443,-99.1711683254619,2024-10-01T07:36:33.734109,198,260,897,16.30909090909091,12.420000000000002
Juan Escutia,19.4168100657109,-99.1787589688272,2024-10-01T07:36:34.861325,102,111,768,27.10588235294118,24.90810810810811
Durango,19.4181411170688,-99.1747665701085,2024-10-01T07:36:36.077161,251,282,1220,17.49800796812749,15.574468085106382
Av. Alvaro Obregon,19.4165333917315,-99.1686609116258,2024-10-01T07:36:37.228258,206,272,1110,19.398058252427187,14.691176470588237
Salamanca,19.4218287295025,-99.170230063732,2024-10-01T07:36:38.438390,45,75,535,42.8,25.680000000000003
Puebla,19.4222855873235,-99.1644452406813,2024-10-01T07:36:39.787587,219,282,954,15.682191780821919,12.178723404255319
Colima,19.4180548118505,-99.1682470033675,2024-10-01T07:36:41.007745,77,95,298,13.932467532467532,11.292631578947368
Laredo,19.4131443328286,-99.1715287130923,2024-10-01T07:36:42.223020,39,55,156,14.4,10.210909090909091
Av. Insurgentes,19.4037031532808,-99.1692699611328,2024-10-01T08:06:43.694394,440,442,2252,18.42545454545455,18.342081447963803
Av. Nuevo León,19.4035424706988,-99.1711530598268,2024-10-01T08:06:44.866178,142,192,1103,27.963380281690142,20.68125
Av. Chapultepec,19.4203408773342,-99.1767217657321,2024-10-01T08:06:46.042832,530,623,3164,21.49132075471698,18.283146067415732
Cto. Bicentenario,19.4080683386285,-99.1841719353224,2024-10-01T08:06:47.220894,518,632,5652,39.28030888030888,32.19493670886076
Amsterdam,19.4096629733812,-99.171524335536,2024-10-01T08:06:48.586782,260,247,987,13.666153846153847,14.385425101214576
Amsterdam,19.4094830928443,-99.1711683254619,2024-10-01T08:06:49.970215,256,254,1022,14.371875000000001,14.485039370078741
Juan Escutia,19.4168100657109,-99.1787589688272,2024-10-01T08:06:51.295289,86,111,768,32.14883720930232,24.90810810810811
Durango,19.4181411170688,-99.1747665701085,2024-10-01T08:06:52.649104,252,282,1220,17.428571428571427,15.574468085106382
Av. Alvaro Obregon,19.4165333917315,-99.1686609116258,2024-10-01T08:06:53.976334,276,272,1110,14.47826086956522,14.691176470588237
Salamanca,19.4218287295025,-99.170230063732,2024-10-01T08:06:55.333685,44,75,535,43.77272727272727,25.680000000000003
Puebla,19.4222855873235,-99.1644452406813,2024-10-01T08:06:56.525847,267,282,954,12.862921348314607,12.178723404255319
Colima,19.4180548118505,-99.1682470033675,2024-10-01T08:06:57.721628,76,95,298,14.11578947368421,11.292631578947368
Laredo,19.4131443328286,-99.1715287130923,2024-10-01T08:06:58.918502,48,55,156,11.7,10.210909090909091
Av. Insurgentes,19.4037031532808,-99.1692699611328,2024-10-01T08:37:00.229039,447,442,2252,18.136912751677855,18.342081447963803
Av. Nuevo León,19.4035424706988,-99.1711530598268,2024-10-01T08:37:01.436207,149,192,1103,26.649664429530198,20.68125
Av. Chapultepec,19.4203408773342,-99.1767217657321,2024-10-01T08:37:02.625219,676,623,3164,16.849704142011838,18.283146067415732
Cto. Bicentenario,19.4080683386285,-99.1841719353224,2024-10-01T08:37:03.957214,552,632,5652,36.86086956521739,32.19493670886076
Amsterdam,19.4096629733812,-99.171524335536,2024-10-01T08:37:05.170345,245,247,987,14.502857142857144,14.385425101214576
Amsterdam,19.4094830928443,-99.1711683254619,2024-10-01T08:37:06.385341,245,254,1022,15.01714285714286,14.485039370078741
Juan Escutia,19.4168100657109,-99.1787589688272,2024-10-01T08:37:07.688987,91,111,768,30.382417582417585,24.90810810810811
Durango,19.4181411170688,-99.1747665701085,2024-10-01T08:37:08.903374,238,282,1220,18.453781512605044,15.574468085106382
Av. Alvaro Obregon,19.4165333917315,-99.1686609116258,2024-10-01T08:37:10.059008,251,272,1110,15.920318725099602,14.691176470588237
Salamanca,19.4218287295025,-99.170230063732,2024-10-01T08:37:11.317351,48,75,535,40.125,25.680000000000003
Puebla,19.4222855873235,-99.1644452406813,2024-10-01T08:37:12.533406,273,282,954,12.58021978021978,12.178723404255319
Colima,19.4180548118505,-99.1682470033675,2024-10-01T08:37:13.746165,85,95,298,12.621176470588235,11.292631578947368
Laredo,19.4131443328286,-99.1715287130923,2024-10-01T08:37:14.935816,38,55,156,14.778947368421052,10.210909090909091
Av. Insurgentes,19.4037031532808,-99.1692699611328,2024-10-01T09:07:16.251460,529,442,2252,15.32551984877127,18.342081447963803
Av. Nuevo León,19.4035424706988,-99.1711530598268,2024-10-01T09:07:17.402304,152,192,1103,26.123684210526314,20.68125
Av. Chapultepec,19.4203408773342,-99.1767217657321,2024-10-01T09:07:18.733724,654,623,3164,17.41651376146789,18.283146067415732
Cto. Bicentenario,19.4080683386285,-99.1841719353224,2024-10-01T09:07:20.088350,528,632,5652,38.53636363636364,32.19493670886076
Amsterdam,19.4096629733812,-99.171524335536,2024-10-01T09:07:21.452981,243,247,987,14.622222222222222,14.385425101214576
Amsterdam,19.4094830928443,-99.1711683254619,2024-10-01T09:07:22.651960,250,254,1022,14.7168,14.485039370078741
Juan Escutia,19.4168100657109,-99.1787589688272,2024-10-01T09:07:23.807977,86,111,768,32.14883720930232,24.90810810810811
Durango,19.4181411170688,-99.1747665701085,2024-10-01T09:07:25.185436,247,282,1220,17.781376518218625,15.574468085106382
Av. Alvaro Obregon,19.4165333917315,-99.1686609116258,2024-10-01T09:07:26.501849,223,272,1110,17.919282511210763,14.691176470588237
Salamanca,19.4218287295025,-99.170230063732,2024-10-01T09:07:27.862447,47,75,535,40.97872340425532,25.680000000000003
Puebla,19.4222855873235,-99.1644452406813,2024-10-01T09:07:29.232522,310,282,954,11.078709677419356,12.178723404255319
Colima,19.4180548118505,-99.1682470033675,2024-10-01T09:07:30.426635,86,95,298,12.474418604651161,11.292631578947368
Laredo,19.4131443328286,-99.1715287130923,2024-10-01T09:07:31.626210,42,55,156,13.37142857142857,10.210909090909091
Av. Insurgentes,19.4037031532808,-99.1692699611328,2024-10-01T09:37:32.867201,493,442,2252,16.444624746450305,18.342081447963803
Av. Nuevo León,19.4035424706988,-99.1711530598268,2024-10-01T09:37:34.190130,156,192,1103,25.453846153846154,20.68125
Av. Chapultepec,19.4203408773342,-99.1767217657321,2024-10-01T09:37:35.373765,660,623,3164,17.25818181818182,18.283146067415732
Cto. Bicentenario,19.4080683386285,-99.1841719353224,2024-10-01T09:37:36.712545,538,632,5652,37.82007434944238,32.19493670886076
Amsterdam,19.4096629733812,-99.171524335536,2024-10-01T09:37:37.924069,242,247,987,14.682644628099172,14.385425101214576
Amsterdam,19.4094830928443,-99.1711683254619,2024-10-01T09:37:39.138189,248,254,1022,14.835483870967742,14.485039370078741
Juan Escutia,19.4168100657109,-99.1787589688272,2024-10-01T09:37:40.295642,95,111,768,29.103157894736842,24.90810810810811
Durango,19.4181411170688,-99.1747665701085,2024-10-01T09:37:41.520122,262,282,1220,16.763358778625953,15.574468085106382
Av. Alvaro Obregon,19.4165333917315,-99.1686609116258,2024-10-01T09:37:42.673865,211,272,1110,18.938388625592417,14.691176470588237
Salamanca,19.4218287295025,-99.170230063732,2024-10-01T09:37:44.015544,50,75,535,38.52,25.680000000000003
Puebla,19.4222855873235,-99.1644452406813,2024-10-01T09:37:45.231628,295,282,954,11.642033898305085,12.178723404255319
Colima,19.4180548118505,-99.1682470033675,2024-10-01T09:37:46.465393,98,95,298,10.946938775510205,11.292631578947368
Laredo,19.4131443328286,-99.1715287130923,2024-10-01T09:37:47.799609,49,55,156,11.461224489795919,10.210909090909091
Av. Insurgentes,19.4037031532808,-99.1692699611328,2024-10-01T10:07:49.027022,499,442,2252,16.246893787575154,18.342081447963803
Av. Nuevo León,19.4035424706988,-99.1711530598268,2024-10-01T10:07:50.195344,159,192,1103,24.973584905660378,20.68125
Av. Chapultepec,19.4203408773342,-99.1767217657321,2024-10-01T10:07:51.369837,634,623,3164,17.965930599369088,18.283146067415732
Cto. Bicentenario,19.4080683386285,-99.1841719353224,2024-10-01T10:07:52.627527,514,632,5652,39.585992217898834,32.19493670886076
Amsterdam,19.4096629733812,-99.171524335536,2024-10-01T10:07:53.837413,240,247,987,14.805,14.385425101214576
Amsterdam,19.4094830928443,-99.1711683254619,2024-10-01T10:07:55.040616,201,260,897,16.065671641791045,12.420000000000002
Juan Escutia,19.4168100657109,-99.1787589688272,2024-10-01T10:07:56.174019,92,111,768,30.05217391304348,24.90810810810811
Durango,19.4181411170688,-99.1747665701085,2024-10-01T10:07:57.390393,264,282,1220,16.636363636363637,15.574468085106382
Av. Alvaro Obregon,19.4165333917315,-99.1686609116258,2024-10-01T10:07:58.543246,263,272,1110,15.193916349809887,14.691176470588237
Salamanca,19.4218287295025,-99.170230063732,2024-10-01T10:07:59.757562,49,75,535,39.30612244897959,25.680000000000003
Puebla,19.4222855873235,-99.1644452406813,2024-10-01T10:08:00.966308,303,282,954,11.334653465346536,12.178723404255319
Colima,19.4180548118505,-99.1682470033675,2024-10-01T10:08:02.149657,92,95,298,11.66086956521739,11.292631578947368
Laredo,19.4131443328286,-99.1715287130923,2024-10-01T10:08:03.363622,53,55,156,10.59622641509434,10.210909090909091
Av. Insurgentes,19.4037031532808,-99.1692699611328,2024-10-01T10:38:04.650286,479,442,2252,16.92526096033403,18.342081447963803
Av. Nuevo León,19.4035424706988,-99.1711530598268,2024-10-01T10:38:05.985172,158,192,1103,25.131645569620254,20.68125
Av. Chapultepec,19.4203408773342,-99.1767217657321,2024-10-01T10:38:07.154549,701,623,3164,16.248787446504995,18.283146067415732
Cto. Bicentenario,19.4080683386285,-99.1841719353224,2024-10-01T10:38:08.341428,514,632,5652,39.585992217898834,32.19493670886076
Amsterdam,19.4096629733812,-99.171524335536,2024-10-01T10:38:09.564847,252,247,987,14.099999999999998,14.385425101214576
Amsterdam,19.4094830928443,-99.1711683254619,2024-10-01T10:38:10.769273,263,254,1022,13.989353612167301,14.485039370078741
Juan Escutia,19.4168100657109,-99.1787589688272,2024-10-01T10:38:11.913489,88,111,768,31.418181818181818,24.90810810810811
Durango,19.4181411170688,-99.1747665701085,2024-10-01T10:38:13.124127,254,282,1220,17.291338582677167,15.574468085106382
Av. Alvaro Obregon,19.4165333917315,-99.1686609116258,2024-10-01T10:38:14.297233,265,272,1110,15.079245283018869,14.691176470588237
Salamanca,19.4218287295025,-99.170230063732,2024-10-01T10:38:15.493503,53,75,535,36.339622641509436,25.680000000000003
Puebla,19.4222855873235,-99.1644452406813,2024-10-01T10:38:16.683870,288,282,954,11.925,12.178723404255319
Colima,19.4180548118505,-99.1682470033675,2024-10-01T10:38:18.028447,86,95,298,12.474418604651161,11.292631578947368
Laredo,19.4131443328286,-99.1715287130923,2024-10-01T10:38:19.241483,56,55,156,10.028571428571428,10.210909090909091
